{
  "meta": {
    "grpc_address": "localhost:50051",
    "op": "list",
    "total": 500,
    "concurrency": 20,
    "used_token": false,
    "timestamp": "2025-09-06T22:04:55.077Z"
  },
  "time": {
    "elapsed_ms": 273.062709
  },
  "latency_ms": {
    "count": 500,
    "min_ms": 1.705875,
    "p50_ms": 10.867375,
    "p90_ms": 12.346375,
    "p95_ms": 12.86625,
    "p99_ms": 13.480292,
    "max_ms": 13.953542,
    "avg_ms": 10.763443832
  },
  "throughput_rps": 1831.0812261076633
}