{
  "meta": {
    "grpc_address": "localhost:50051",
    "op": "stats",
    "total": 800,
    "concurrency": 50,
    "used_token": true,
    "timestamp": "2025-08-30T22:41:08.748Z"
  },
  "time": {
    "elapsed_ms": 352.12625
  },
  "latency_ms": {
    "count": 800,
    "min_ms": 4.495542,
    "p50_ms": 22.480834,
    "p90_ms": 24.949083,
    "p95_ms": 28.499625,
    "p99_ms": 31.830625,
    "max_ms": 34.607875,
    "avg_ms": 21.6914563675
  },
  "throughput_rps": 2271.9124177762947
}