{
  "meta": {
    "grpc_address": "localhost:50051",
    "op": "stats",
    "total": 1000,
    "concurrency": 50,
    "used_token": true,
    "timestamp": "2025-08-31T00:40:23.327Z"
  },
  "time": {
    "elapsed_ms": 421.507625
  },
  "latency_ms": {
    "count": 1000,
    "min_ms": 4.662917,
    "p50_ms": 21.35025,
    "p90_ms": 24.18775,
    "p95_ms": 24.722,
    "p99_ms": 26.17225,
    "max_ms": 27.801917,
    "avg_ms": 20.724470115
  },
  "throughput_rps": 2372.4363230677027
}